"","Date","count","OwnerOccupancyRate","HousingUnits","HouseholdMedianIncome","PercentVacant","Population","PercentWhiteNH","PercentAA","PercentAsian","PercentHispanic","UnemploymentRate","medianAge","percentCollegeEducated","ZIP","Jan","Feb","Mar","Apr","May","Jun","Jul","Aug","Sep","Oct","Nov","Dec","ZHVI1bed","ZHVI2bed","ZHVI3bed","ZHVI4bed","ZHVI5bed","MORTGAGE30US","ABNBConcentration"
"1",2021-10-01,208,39.7,12636,104436,27.4295663184552,16261,62.7,8.1,2.4,16.4,1.6,42.6,59.9,"33301",0,0,0,0,0,0,0,0,0,1,0,0,239782.955460325,444895.396265953,980557.056927418,1679775.83904448,3658177.49163451,3.01,1.64609053497942
"2",2021-11-01,222,39.7,12636,104436,27.4295663184552,16261,62.7,8.1,2.4,16.4,1.6,42.6,59.9,"33301",0,0,0,0,0,0,0,0,0,0,1,0,243257.65180209,452500.809628543,1002139.08228103,1719261.0014926,3741753.67549238,3.14,1.75688509021842
"3",2021-12-01,238,39.7,12636,104436,27.4295663184552,16261,62.7,8.1,2.4,16.4,1.6,42.6,59.9,"33301",0,0,0,0,0,0,0,0,0,0,0,1,247151.29887788,461053.4288971,1026846.6306588,1766782.70560231,3839467.2281436,3.1,1.88350743906299
"4",2022-01-01,255,39.7,12636,104436,27.4295663184552,16261,62.7,8.1,2.4,16.4,1.6,42.6,59.9,"33301",1,0,0,0,0,0,0,0,0,0,0,0,251523.878082956,470369.950590525,1053527.82259398,1818337.86377963,3943448.97780861,3.11,2.01804368471035
"5",2022-02-01,269,39.7,12636,104436,27.4295663184552,16261,62.7,8.1,2.4,16.4,1.6,42.6,59.9,"33301",0,1,0,0,0,0,0,0,0,0,0,0,257092.646785913,480419.628038158,1086505.26475256,1884796.9878118,4074367.57389728,3.55,2.12883823994935
"6",2022-03-01,285,39.7,12636,104436,27.4295663184552,16261,62.7,8.1,2.4,16.4,1.6,42.6,59.9,"33301",0,0,1,0,0,0,0,0,0,0,0,0,263363.483909875,490086.888176134,1122802.94021895,1961588.27742756,4227838.58507271,3.89,2.25546058879392
"7",2022-04-01,301,39.7,12636,104436,27.4295663184552,16261,62.7,8.1,2.4,16.4,1.6,42.6,59.9,"33301",0,0,0,1,0,0,0,0,0,0,0,0,271221.062727818,501752.601785593,1166292.77513666,2049964.25537367,4400994.4612499,4.67,2.38208293763849
"8",2022-05-01,316,39.7,12636,104436,27.4295663184552,16261,62.7,8.1,2.4,16.4,1.6,42.6,59.9,"33301",0,0,0,0,1,0,0,0,0,0,0,0,279590.241297195,515743.341897431,1212103.61883137,2139614.36292203,4576641.92940765,5.1,2.50079138968028
"9",2022-06-01,335,39.7,12636,104436,27.4295663184552,16261,62.7,8.1,2.4,16.4,1.6,42.6,59.9,"33301",0,0,0,0,0,1,0,0,0,0,0,0,287599.936950213,530796.788099355,1254622.68686729,2218633.41624652,4714733.57440668,5.1,2.65115542893321
"10",2022-07-01,365,39.7,12636,104436,27.4295663184552,16261,62.7,8.1,2.4,16.4,1.6,42.6,59.9,"33301",0,0,0,0,0,0,1,0,0,0,0,0,295041.782124449,544796.758389433,1292360.42035954,2289401.53877449,4833661.79262384,5.7,2.88857233301678
"11",2022-08-01,368,39.7,12636,104436,27.4295663184552,16261,62.7,8.1,2.4,16.4,1.6,42.6,59.9,"33301",0,0,0,0,0,0,0,1,0,0,0,0,300522.209544373,554488.273859696,1314592.31938631,2332313.12799549,4896060.24069752,5.3,2.91231402342513
"12",2022-09-01,365,39.7,12636,104436,27.4295663184552,16261,62.7,8.1,2.4,16.4,1.6,42.6,59.9,"33301",0,0,0,0,0,0,0,0,1,0,0,0,304319.938143613,559711.341073999,1322688.06678082,2350074.81243181,4925042.27756516,5.66,2.88857233301678
"13",2022-10-01,364,39.7,12636,104436,27.4295663184552,16261,62.7,8.1,2.4,16.4,1.6,42.6,59.9,"33301",0,0,0,0,0,0,0,0,0,1,0,0,306240.980890781,561006.1848904,1313794.36726148,2336690.59690806,4895765.10753629,6.7,2.88065843621399
"14",2022-11-01,347,39.7,12636,104436,27.4295663184552,16261,62.7,8.1,2.4,16.4,1.6,42.6,59.9,"33301",0,0,0,0,0,0,0,0,0,0,1,0,308196.49276021,562543.185544683,1305570.35555213,2320039.80720415,4865931.60416989,7.08,2.74612219056663
"15",2022-12-01,331,39.7,12636,104436,27.4295663184552,16261,62.7,8.1,2.4,16.4,1.6,42.6,59.9,"33301",0,0,0,0,0,0,0,0,0,0,0,1,311332.598974341,565050.476988871,1301213.53319422,2308009.65367662,4842509.16176024,6.49,2.61949984172206
"16",2021-10-01,578,38.2,12683,69343,24.8600488843334,18085,49.3,16.4,1.2,17.7,4.8,45.3,51.5,"33304",0,0,0,0,0,0,0,0,0,1,0,0,219406.23590954,434551.601291097,706190.432309754,1000325.15447383,2179746.27308252,3.01,4.55728140029961
"17",2021-11-01,591,38.2,12683,69343,24.8600488843334,18085,49.3,16.4,1.2,17.7,4.8,45.3,51.5,"33304",0,0,0,0,0,0,0,0,0,0,1,0,224287.514321512,440937.378545079,721036.355399431,1019322.56004461,2245074.86463326,3.14,4.65978080895687
"18",2021-12-01,610,38.2,12683,69343,24.8600488843334,18085,49.3,16.4,1.2,17.7,4.8,45.3,51.5,"33304",0,0,0,0,0,0,0,0,0,0,0,1,229166.579293832,448065.756622035,737464.683125623,1043806.62366956,2315350.06228386,3.1,4.8095876369944
"19",2022-01-01,644,38.2,12683,69343,24.8600488843334,18085,49.3,16.4,1.2,17.7,4.8,45.3,51.5,"33304",1,0,0,0,0,0,0,0,0,0,0,0,234183.917582877,456453.165852758,754926.802905878,1070493.39224366,2383064.54976224,3.11,5.07766301348261
"20",2022-02-01,684,38.2,12683,69343,24.8600488843334,18085,49.3,16.4,1.2,17.7,4.8,45.3,51.5,"33304",0,1,0,0,0,0,0,0,0,0,0,0,239845.642740961,467517.938805858,776100.365673634,1105849.87733963,2465720.80004487,3.55,5.3930458093511
"21",2022-03-01,719,38.2,12683,69343,24.8600488843334,18085,49.3,16.4,1.2,17.7,4.8,45.3,51.5,"33304",0,0,1,0,0,0,0,0,0,0,0,0,245494.686778098,479692.561178716,799953.551125371,1147269.49447104,2556515.28032664,3.89,5.66900575573602
"22",2022-04-01,749,38.2,12683,69343,24.8600488843334,18085,49.3,16.4,1.2,17.7,4.8,45.3,51.5,"33304",0,0,0,1,0,0,0,0,0,0,0,0,251825.942788004,494184.437610105,827801.996237002,1196274.77238915,2659181.2524863,4.67,5.90554285263739
"23",2022-05-01,774,38.2,12683,69343,24.8600488843334,18085,49.3,16.4,1.2,17.7,4.8,45.3,51.5,"33304",0,0,0,0,1,0,0,0,0,0,0,0,259011.628937089,509062.469739253,856505.359644847,1246936.87535274,2768036.102656,5.1,6.10265710005519
"24",2022-06-01,798,38.2,12683,69343,24.8600488843334,18085,49.3,16.4,1.2,17.7,4.8,45.3,51.5,"33304",0,0,0,0,0,1,0,0,0,0,0,0,266678.341233275,523026.489782537,882078.175283485,1292170.24182212,2865848.32132224,5.1,6.29188677757628
"25",2022-07-01,819,38.2,12683,69343,24.8600488843334,18085,49.3,16.4,1.2,17.7,4.8,45.3,51.5,"33304",0,0,0,0,0,0,1,0,0,0,0,0,274486.403012511,535248.79742878,905071.574450537,1336406.92494229,2969549.34956046,5.7,6.45746274540724
"26",2022-08-01,828,38.2,12683,69343,24.8600488843334,18085,49.3,16.4,1.2,17.7,4.8,45.3,51.5,"33304",0,0,0,0,0,0,0,1,0,0,0,0,280153.035705084,543169.436203151,917618.445542905,1364482.10780187,3035497.92232231,5.3,6.52842387447765
"27",2022-09-01,830,38.2,12683,69343,24.8600488843334,18085,49.3,16.4,1.2,17.7,4.8,45.3,51.5,"33304",0,0,0,0,0,0,0,0,1,0,0,0,283140.801220794,546594.626969625,920951.605859294,1377106.58600305,3067381.57706202,5.66,6.54419301427107
"28",2022-10-01,849,38.2,12683,69343,24.8600488843334,18085,49.3,16.4,1.2,17.7,4.8,45.3,51.5,"33304",0,0,0,0,0,0,0,0,0,1,0,0,284568.759569597,546585.188268214,914575.445331168,1368933.33075348,3050183.50216112,6.7,6.6939998423086
"29",2022-11-01,827,38.2,12683,69343,24.8600488843334,18085,49.3,16.4,1.2,17.7,4.8,45.3,51.5,"33304",0,0,0,0,0,0,0,0,0,0,1,0,286197.589136294,547148.557195044,910373.791923403,1360073.49184387,3038671.60187458,7.08,6.52053930458094
"30",2022-12-01,795,38.2,12683,69343,24.8600488843334,18085,49.3,16.4,1.2,17.7,4.8,45.3,51.5,"33304",0,0,0,0,0,0,0,0,0,0,0,1,289330.344734708,550349.451556901,909864.868266171,1355951.79405464,3037425.56902884,6.49,6.26823306788615
"31",2021-10-01,239,67.8,8065,85800,17.6689398636082,12634,74.1,4.6,1.3,12.4,2.4,50.2,56.2,"33305",0,0,0,0,0,0,0,0,0,1,0,0,168524.804532668,421216.731772684,781492.060034133,1268630.85829263,2193102.56253918,3.01,2.96342219466832
"32",2021-11-01,252,67.8,8065,85800,17.6689398636082,12634,74.1,4.6,1.3,12.4,2.4,50.2,56.2,"33305",0,0,0,0,0,0,0,0,0,0,1,0,174170.740949585,426503.760911067,793591.086167537,1301975.78773115,2256121.40542247,3.14,3.12461252324861
"33",2021-12-01,274,67.8,8065,85800,17.6689398636082,12634,74.1,4.6,1.3,12.4,2.4,50.2,56.2,"33305",0,0,0,0,0,0,0,0,0,0,0,1,178956.310537194,433862.359801601,809247.410854712,1340298.88456854,2337890.65977519,3.1,3.39739615623063
"34",2022-01-01,288,67.8,8065,85800,17.6689398636082,12634,74.1,4.6,1.3,12.4,2.4,50.2,56.2,"33305",1,0,0,0,0,0,0,0,0,0,0,0,183217.131742664,442747.833668484,827933.177222324,1382017.67784932,2423840.33847414,3.11,3.57098574085555
"35",2022-02-01,307,67.8,8065,85800,17.6689398636082,12634,74.1,4.6,1.3,12.4,2.4,50.2,56.2,"33305",0,1,0,0,0,0,0,0,0,0,0,0,187710.194732309,452811.1845368,853865.653298495,1435020.50844202,2516932.53172668,3.55,3.80657160570366
"36",2022-03-01,329,67.8,8065,85800,17.6689398636082,12634,74.1,4.6,1.3,12.4,2.4,50.2,56.2,"33305",0,0,1,0,0,0,0,0,0,0,0,0,192072.691123816,462370.027719777,883202.36494572,1495738.95799557,2604965.69851135,3.89,4.07935523868568
"37",2022-04-01,343,67.8,8065,85800,17.6689398636082,12634,74.1,4.6,1.3,12.4,2.4,50.2,56.2,"33305",0,0,0,1,0,0,0,0,0,0,0,0,196829.207675447,473009.395749961,919959.326247275,1569914.24625599,2699803.5396852,4.67,4.2529448233106
"38",2022-05-01,359,67.8,8065,85800,17.6689398636082,12634,74.1,4.6,1.3,12.4,2.4,50.2,56.2,"33305",0,0,0,0,1,0,0,0,0,0,0,0,201917.188183491,484464.634965848,957171.671094476,1649110.1946771,2811759.43302012,5.1,4.4513329200248
"39",2022-06-01,368,67.8,8065,85800,17.6689398636082,12634,74.1,4.6,1.3,12.4,2.4,50.2,56.2,"33305",0,0,0,0,0,1,0,0,0,0,0,0,207502.78460912,495698.578137265,992207.110103503,1724284.7744941,2923099.12893474,5.1,4.56292622442653
"40",2022-07-01,390,67.8,8065,85800,17.6689398636082,12634,74.1,4.6,1.3,12.4,2.4,50.2,56.2,"33305",0,0,0,0,0,0,1,0,0,0,0,0,213566.923530562,505788.791048838,1021541.34362652,1794464.04655865,3037000.81856598,5.7,4.83570985740856
"41",2022-08-01,403,67.8,8065,85800,17.6689398636082,12634,74.1,4.6,1.3,12.4,2.4,50.2,56.2,"33305",0,0,0,0,0,0,0,1,0,0,0,0,218032.705626385,511677.373933839,1038174.52034455,1839540.85154666,3104310.00445127,5.3,4.99690018598884
"42",2022-09-01,410,67.8,8065,85800,17.6689398636082,12634,74.1,4.6,1.3,12.4,2.4,50.2,56.2,"33305",0,0,0,0,0,0,0,0,1,0,0,0,220096.359111287,512971.193904256,1042058.78677025,1858457.51922632,3130500.59475009,5.66,5.0836949783013
"43",2022-10-01,416,67.8,8065,85800,17.6689398636082,12634,74.1,4.6,1.3,12.4,2.4,50.2,56.2,"33305",0,0,0,0,0,0,0,0,0,1,0,0,220253.776650339,510100.24811858,1032493.134979,1844712.54117751,3099264.53915977,6.7,5.15809051456913
"44",2022-11-01,414,67.8,8065,85800,17.6689398636082,12634,74.1,4.6,1.3,12.4,2.4,50.2,56.2,"33305",0,0,0,0,0,0,0,0,0,0,1,0,220414.162246349,507897.650399429,1022800.81960306,1827027.22795959,3063618.55739567,7.08,5.13329200247985
"45",2022-12-01,393,67.8,8065,85800,17.6689398636082,12634,74.1,4.6,1.3,12.4,2.4,50.2,56.2,"33305",0,0,0,0,0,0,0,0,0,0,0,1,221812.06976106,507769.400469678,1016457.94984543,1816470.27449295,3037310.07317946,6.49,4.87290762554247
"46",2021-10-01,46,73.2,2285,66367,19.3435448577681,3111,67.7,2.9,1,16.2,4.2,54.5,52.4,"33306",0,0,0,0,0,0,0,0,0,1,0,0,158076.660680526,350136.228552483,811582.517646806,1097701.97751999,NA,3.01,2.01312910284464
"47",2021-11-01,48,73.2,2285,66367,19.3435448577681,3111,67.7,2.9,1,16.2,4.2,54.5,52.4,"33306",0,0,0,0,0,0,0,0,0,0,1,0,161192.161512734,355892.676621246,824894.120445384,1123066.53805583,NA,3.14,2.10065645514223
"48",2021-12-01,51,73.2,2285,66367,19.3435448577681,3111,67.7,2.9,1,16.2,4.2,54.5,52.4,"33306",0,0,0,0,0,0,0,0,0,0,0,1,163705.020269587,360817.386851165,840219.802387695,1149816.60836987,NA,3.1,2.23194748358862
"49",2022-01-01,54,73.2,2285,66367,19.3435448577681,3111,67.7,2.9,1,16.2,4.2,54.5,52.4,"33306",1,0,0,0,0,0,0,0,0,0,0,0,165781.593015557,365200.571272729,857216.175411562,1176593.95248141,NA,3.11,2.36323851203501
"50",2022-02-01,59,73.2,2285,66367,19.3435448577681,3111,67.7,2.9,1,16.2,4.2,54.5,52.4,"33306",0,1,0,0,0,0,0,0,0,0,0,0,168747.718523027,368893.002021228,884067.503604515,1217106.34045786,NA,3.55,2.58205689277899
"51",2022-03-01,62,73.2,2285,66367,19.3435448577681,3111,67.7,2.9,1,16.2,4.2,54.5,52.4,"33306",0,0,1,0,0,0,0,0,0,0,0,0,172291.347335429,372754.696208734,917189.19338076,1265513.68660843,NA,3.89,2.71334792122538
"52",2022-04-01,64,73.2,2285,66367,19.3435448577681,3111,67.7,2.9,1,16.2,4.2,54.5,52.4,"33306",0,0,0,1,0,0,0,0,0,0,0,0,176276.64282923,377322.862830511,954402.758667415,1319309.51406598,NA,4.67,2.80087527352298
"53",2022-05-01,68,73.2,2285,66367,19.3435448577681,3111,67.7,2.9,1,16.2,4.2,54.5,52.4,"33306",0,0,0,0,1,0,0,0,0,0,0,0,180438.439896022,383861.82013262,987658.365117234,1366786.2607394,NA,5.1,2.97592997811816
"54",2022-06-01,71,73.2,2285,66367,19.3435448577681,3111,67.7,2.9,1,16.2,4.2,54.5,52.4,"33306",0,0,0,0,0,1,0,0,0,0,0,0,184756.844446816,390664.142525963,1016274.0171226,1407527.84596881,NA,5.1,3.10722100656455
"55",2022-07-01,74,73.2,2285,66367,19.3435448577681,3111,67.7,2.9,1,16.2,4.2,54.5,52.4,"33306",0,0,0,0,0,0,1,0,0,0,0,0,189754.535052766,397950.909429849,1042373.71559437,1446889.85661329,NA,5.7,3.23851203501094
"56",2022-08-01,76,73.2,2285,66367,19.3435448577681,3111,67.7,2.9,1,16.2,4.2,54.5,52.4,"33306",0,0,0,0,0,0,0,1,0,0,0,0,194016.38379209,402882.525870467,1059744.95311801,1477760.49712682,NA,5.3,3.32603938730853
"57",2022-09-01,76,73.2,2285,66367,19.3435448577681,3111,67.7,2.9,1,16.2,4.2,54.5,52.4,"33306",0,0,0,0,0,0,0,0,1,0,0,0,197045.21577519,405683.96887596,1067147.28230643,1499130.93764648,NA,5.66,3.32603938730853
"58",2022-10-01,77,73.2,2285,66367,19.3435448577681,3111,67.7,2.9,1,16.2,4.2,54.5,52.4,"33306",0,0,0,0,0,0,0,0,0,1,0,0,198871.237626178,406140.580397821,1060649.37088028,1499935.29384202,NA,6.7,3.36980306345733
"59",2022-11-01,78,73.2,2285,66367,19.3435448577681,3111,67.7,2.9,1,16.2,4.2,54.5,52.4,"33306",0,0,0,0,0,0,0,0,0,0,1,0,200663.493901727,406818.632142582,1052626.27793509,1494153.30643482,NA,7.08,3.41356673960613
"60",2022-12-01,76,73.2,2285,66367,19.3435448577681,3111,67.7,2.9,1,16.2,4.2,54.5,52.4,"33306",0,0,0,0,0,0,0,0,0,0,0,1,202605.091049586,408314.444663815,1045326.01349243,1484386.00071104,NA,6.49,3.32603938730853
"61",2021-10-01,268,70.2,23703,73390,34.0252288739822,28428,70.1,2.7,2.5,15.2,5.9,56.5,53.2,"33308",0,0,0,0,0,0,0,0,0,1,0,0,199509.699250542,397771.433561442,787055.13036089,1175941.1072385,2439494.98575607,3.01,1.13065856642619
"62",2021-11-01,278,70.2,23703,73390,34.0252288739822,28428,70.1,2.7,2.5,15.2,5.9,56.5,53.2,"33308",0,0,0,0,0,0,0,0,0,0,1,0,202706.833048118,403857.895295439,801786.944444755,1204173.42019076,2509208.20030153,3.14,1.17284731890478
"63",2021-12-01,289,70.2,23703,73390,34.0252288739822,28428,70.1,2.7,2.5,15.2,5.9,56.5,53.2,"33308",0,0,0,0,0,0,0,0,0,0,0,1,206504.397219616,410497.034155846,818064.878632479,1233576.6367689,2586627.90712495,3.1,1.21925494663123
"64",2022-01-01,304,70.2,23703,73390,34.0252288739822,28428,70.1,2.7,2.5,15.2,5.9,56.5,53.2,"33308",1,0,0,0,0,0,0,0,0,0,0,0,210890.775458973,418225.832659819,836469.283241767,1265213.73920818,2666433.64770139,3.11,1.28253807534911
"65",2022-02-01,319,70.2,23703,73390,34.0252288739822,28428,70.1,2.7,2.5,15.2,5.9,56.5,53.2,"33308",0,1,0,0,0,0,0,0,0,0,0,0,215541.587291338,427141.638577963,860488.051718393,1310323.73611351,2757176.4470048,3.55,1.345821204067
"66",2022-03-01,341,70.2,23703,73390,34.0252288739822,28428,70.1,2.7,2.5,15.2,5.9,56.5,53.2,"33308",0,0,1,0,0,0,0,0,0,0,0,0,219870.877996788,436430.334049176,888072.292237279,1366077.41357619,2856413.88901902,3.89,1.43863645951989
"67",2022-04-01,368,70.2,23703,73390,34.0252288739822,28428,70.1,2.7,2.5,15.2,5.9,56.5,53.2,"33308",0,0,0,1,0,0,0,0,0,0,0,0,224417.916382528,447766.372573773,920550.907790794,1431411.02124007,2973753.0247243,4.67,1.55254609121208
"68",2022-05-01,392,70.2,23703,73390,34.0252288739822,28428,70.1,2.7,2.5,15.2,5.9,56.5,53.2,"33308",0,0,0,0,1,0,0,0,0,0,0,0,229596.794552427,460385.533916757,952906.757209687,1496251.25323213,3103236.06689642,5.1,1.6537990971607
"69",2022-06-01,408,70.2,23703,73390,34.0252288739822,28428,70.1,2.7,2.5,15.2,5.9,56.5,53.2,"33308",0,0,0,0,0,1,0,0,0,0,0,0,235324.731653749,473333.855690643,983749.161073928,1557121.48011847,3223371.74364824,5.1,1.72130110112644
"70",2022-07-01,422,70.2,23703,73390,34.0252288739822,28428,70.1,2.7,2.5,15.2,5.9,56.5,53.2,"33308",0,0,0,0,0,0,1,0,0,0,0,0,241276.263390827,485217.1960874,1012610.49782582,1615936.71842868,3332212.74422772,5.7,1.78036535459646
"71",2022-08-01,422,70.2,23703,73390,34.0252288739822,28428,70.1,2.7,2.5,15.2,5.9,56.5,53.2,"33308",0,0,0,0,0,0,0,1,0,0,0,0,245863.64906327,493185.188040706,1031482.49650326,1655260.58306649,3391146.17781512,5.3,1.78036535459646
"72",2022-09-01,430,70.2,23703,73390,34.0252288739822,28428,70.1,2.7,2.5,15.2,5.9,56.5,53.2,"33308",0,0,0,0,0,0,0,0,1,0,0,0,248557.00355391,496996.767991331,1038692.89075293,1672593.89056248,3406346.90604905,5.66,1.81411635657934
"73",2022-10-01,442,70.2,23703,73390,34.0252288739822,28428,70.1,2.7,2.5,15.2,5.9,56.5,53.2,"33308",0,0,0,0,0,0,0,0,0,1,0,0,249802.589607782,497502.594695843,1033257.46828572,1665276.34203168,3369349.6378677,6.7,1.86474285955364
"74",2022-11-01,438,70.2,23703,73390,34.0252288739822,28428,70.1,2.7,2.5,15.2,5.9,56.5,53.2,"33308",0,0,0,0,0,0,0,0,0,0,1,0,251237.261723031,498312.250729973,1026384.703103,1654792.5847641,3328935.35778938,7.08,1.84786735856221
"75",2022-12-01,430,70.2,23703,73390,34.0252288739822,28428,70.1,2.7,2.5,15.2,5.9,56.5,53.2,"33308",0,0,0,0,0,0,0,0,0,0,0,1,253500.663852235,500578.303733511,1022839.39358072,1649161.05160332,3303481.07328976,6.49,1.81411635657934
"76",2021-10-01,47,58.6,15101,61898,6.8538507383617,40100,11,45.7,1.9,27.2,7.2,37,25.1,"33309",0,0,0,0,0,0,0,0,0,1,0,0,144960.45260878,218937.189155513,362045.001485881,406356.037205152,NA,3.01,0.31123766637971
"77",2021-11-01,50,58.6,15101,61898,6.8538507383617,40100,11,45.7,1.9,27.2,7.2,37,25.1,"33309",0,0,0,0,0,0,0,0,0,0,1,0,146763.627420719,221284.315559928,364671.973722415,410164.618739688,NA,3.14,0.331103900403947
"78",2021-12-01,54,58.6,15101,61898,6.8538507383617,40100,11,45.7,1.9,27.2,7.2,37,25.1,"33309",0,0,0,0,0,0,0,0,0,0,0,1,148920.056676333,224283.452831004,368371.520793183,414736.459396065,NA,3.1,0.357592212436262
"79",2022-01-01,55,58.6,15101,61898,6.8538507383617,40100,11,45.7,1.9,27.2,7.2,37,25.1,"33309",1,0,0,0,0,0,0,0,0,0,0,0,151747.809211661,227842.041053074,373475.322426321,420872.346320128,NA,3.11,0.364214290444341
"80",2022-02-01,56,58.6,15101,61898,6.8538507383617,40100,11,45.7,1.9,27.2,7.2,37,25.1,"33309",0,1,0,0,0,0,0,0,0,0,0,0,155210.468030326,232410.574478255,380543.139731429,429603.854937794,NA,3.55,0.37083636845242
"81",2022-03-01,64,58.6,15101,61898,6.8538507383617,40100,11,45.7,1.9,27.2,7.2,37,25.1,"33309",0,0,1,0,0,0,0,0,0,0,0,0,158999.438845545,237665.519488251,388408.170353342,439487.26129836,NA,3.89,0.423812992517052
"82",2022-04-01,67,58.6,15101,61898,6.8538507383617,40100,11,45.7,1.9,27.2,7.2,37,25.1,"33309",0,0,0,1,0,0,0,0,0,0,0,0,163017.748056899,243344.584154643,396549.941705279,449497.65596442,NA,4.67,0.443679226541289
"83",2022-05-01,67,58.6,15101,61898,6.8538507383617,40100,11,45.7,1.9,27.2,7.2,37,25.1,"33309",0,0,0,0,1,0,0,0,0,0,0,0,166877.449861611,248931.030134043,404108.959317607,458400.587449301,NA,5.1,0.443679226541289
"84",2022-06-01,71,58.6,15101,61898,6.8538507383617,40100,11,45.7,1.9,27.2,7.2,37,25.1,"33309",0,0,0,0,0,1,0,0,0,0,0,0,170176.81476731,254025.246348972,410664.73058274,466428.850070838,NA,5.1,0.470167538573604
"85",2022-07-01,82,58.6,15101,61898,6.8538507383617,40100,11,45.7,1.9,27.2,7.2,37,25.1,"33309",0,0,0,0,0,0,1,0,0,0,0,0,172982.144118401,258908.90662839,416432.230263332,474127.57375779,NA,5.7,0.543010396662473
"86",2022-08-01,92,58.6,15101,61898,6.8538507383617,40100,11,45.7,1.9,27.2,7.2,37,25.1,"33309",0,0,0,0,0,0,0,1,0,0,0,0,175212.73150901,262712.161609063,420492.550939955,479880.378303268,NA,5.3,0.609231176743262
"87",2022-09-01,95,58.6,15101,61898,6.8538507383617,40100,11,45.7,1.9,27.2,7.2,37,25.1,"33309",0,0,0,0,0,0,0,0,1,0,0,0,176935.098771426,265334.980598778,422625.015259547,482963.334626441,NA,5.66,0.629097410767499
"88",2022-10-01,103,58.6,15101,61898,6.8538507383617,40100,11,45.7,1.9,27.2,7.2,37,25.1,"33309",0,0,0,0,0,0,0,0,0,1,0,0,177903.377635977,266815.847288204,422839.353969947,482824.176827465,NA,6.7,0.68207403483213
"89",2022-11-01,105,58.6,15101,61898,6.8538507383617,40100,11,45.7,1.9,27.2,7.2,37,25.1,"33309",0,0,0,0,0,0,0,0,0,0,1,0,178850.292659263,268016.535064958,422288.754826422,481888.91173035,NA,7.08,0.695318190848288
"90",2022-12-01,103,58.6,15101,61898,6.8538507383617,40100,11,45.7,1.9,27.2,7.2,37,25.1,"33309",0,0,0,0,0,0,0,0,0,0,0,1,180312.475746913,269431.08164922,422155.6883686,481640.330160448,NA,6.49,0.68207403483213
"91",2021-10-01,126,45,27714,43007,10.7418633181785,73388,4.6,81.8,0.5,7.3,9.9,34.6,16.4,"33311",0,0,0,0,0,0,0,0,0,1,0,0,85837.3403748735,198383.696157542,292922.834517979,323239.200492897,334779.277543481,3.01,0.454643862307859
"92",2021-11-01,134,45,27714,43007,10.7418633181785,73388,4.6,81.8,0.5,7.3,9.9,34.6,16.4,"33311",0,0,0,0,0,0,0,0,0,0,1,0,87236.1633749743,199529.736744444,295099.861102753,326577.546801289,338426.966362677,3.14,0.483510139279786
"93",2021-12-01,144,45,27714,43007,10.7418633181785,73388,4.6,81.8,0.5,7.3,9.9,34.6,16.4,"33311",0,0,0,0,0,0,0,0,0,0,0,1,88534.5121236454,201537.291728799,298345.203837296,330475.998949434,342698.816701392,3.1,0.519592985494696
"94",2022-01-01,154,45,27714,43007,10.7418633181785,73388,4.6,81.8,0.5,7.3,9.9,34.6,16.4,"33311",1,0,0,0,0,0,0,0,0,0,0,0,89863.4516587972,204314.095838224,302518.291748308,335090.908636081,347959.865865089,3.11,0.555675831709605
"95",2022-02-01,171,45,27714,43007,10.7418633181785,73388,4.6,81.8,0.5,7.3,9.9,34.6,16.4,"33311",0,1,0,0,0,0,0,0,0,0,0,0,91562.3213966681,208847.283554983,308915.812647286,341657.2654577,355419.48073665,3.55,0.617016670274951
"96",2022-03-01,185,45,27714,43007,10.7418633181785,73388,4.6,81.8,0.5,7.3,9.9,34.6,16.4,"33311",0,0,1,0,0,0,0,0,0,0,0,0,93385.4549955723,214892.67435696,316472.065273049,349142.141055644,363978.471554044,3.89,0.667532654975824
"97",2022-04-01,199,45,27714,43007,10.7418633181785,73388,4.6,81.8,0.5,7.3,9.9,34.6,16.4,"33311",0,0,0,1,0,0,0,0,0,0,0,0,95261.9397657729,221906.178336543,324372.103329966,356729.605853182,372712.849669302,4.67,0.718048639676698
"98",2022-05-01,216,45,27714,43007,10.7418633181785,73388,4.6,81.8,0.5,7.3,9.9,34.6,16.4,"33311",0,0,0,0,1,0,0,0,0,0,0,0,97031.2557262632,228303.332028551,331252.633811359,363449.586866067,380877.946950388,5.1,0.779389478242044
"99",2022-06-01,232,45,27714,43007,10.7418633181785,73388,4.6,81.8,0.5,7.3,9.9,34.6,16.4,"33311",0,0,0,0,0,1,0,0,0,0,0,0,98793.1666511146,233742.915636802,337043.020611938,369336.102180184,387691.094529123,5.1,0.837122032185899
"100",2022-07-01,243,45,27714,43007,10.7418633181785,73388,4.6,81.8,0.5,7.3,9.9,34.6,16.4,"33311",0,0,0,0,0,0,1,0,0,0,0,0,100834.329898463,238909.55938188,342820.652399175,375399.928628992,394248.251087996,5.7,0.876813163022299
"101",2022-08-01,255,45,27714,43007,10.7418633181785,73388,4.6,81.8,0.5,7.3,9.9,34.6,16.4,"33311",0,0,0,0,0,0,0,1,0,0,0,0,102876.165840539,243074.787961382,347338.064540186,380119.350924347,398861.623273162,5.3,0.92011257848019
"102",2022-09-01,259,45,27714,43007,10.7418633181785,73388,4.6,81.8,0.5,7.3,9.9,34.6,16.4,"33311",0,0,0,0,0,0,0,0,1,0,0,0,105002.252257194,245891.282858406,350224.871661192,382984.392290347,401287.407943602,5.66,0.934545716966154
"103",2022-10-01,262,45,27714,43007,10.7418633181785,73388,4.6,81.8,0.5,7.3,9.9,34.6,16.4,"33311",0,0,0,0,0,0,0,0,0,1,0,0,107030.23541224,247157.992295551,351166.32559241,383396.778190664,400889.656221681,6.7,0.945370570830627
"104",2022-11-01,254,45,27714,43007,10.7418633181785,73388,4.6,81.8,0.5,7.3,9.9,34.6,16.4,"33311",0,0,0,0,0,0,0,0,0,0,1,0,108864.378572665,248308.044948029,351655.909307985,383239.040527811,400052.375059736,7.08,0.9165042938587
"105",2022-12-01,232,45,27714,43007,10.7418633181785,73388,4.6,81.8,0.5,7.3,9.9,34.6,16.4,"33311",0,0,0,0,0,0,0,0,0,0,0,1,110894.423106944,249732.847381838,352328.903760252,382921.641785097,399472.567587257,6.49,0.837122032185899
"106",2021-10-01,149,60.9,21379,63240,13.5132606763647,53855,23.6,28.7,1.7,32.6,7.8,38,29.8,"33312",0,0,0,0,0,0,0,0,0,1,0,0,233065.934931725,306169.267436812,384420.883039974,478027.048756253,686372.073365986,3.01,0.696945600823238
"107",2021-11-01,163,60.9,21379,63240,13.5132606763647,53855,23.6,28.7,1.7,32.6,7.8,38,29.8,"33312",0,0,0,0,0,0,0,0,0,0,1,0,238094.509785293,309901.125377298,388566.571072557,486053.094872014,701573.322376779,3.14,0.762430422377099
"108",2021-12-01,180,60.9,21379,63240,13.5132606763647,53855,23.6,28.7,1.7,32.6,7.8,38,29.8,"33312",0,0,0,0,0,0,0,0,0,0,0,1,242910.768086272,314072.011517683,393555.02424942,494575.458293604,717406.271405795,3.1,0.841947705692502
"109",2022-01-01,198,60.9,21379,63240,13.5132606763647,53855,23.6,28.7,1.7,32.6,7.8,38,29.8,"33312",1,0,0,0,0,0,0,0,0,0,0,0,247540.177330761,318936.44494348,399963.159209169,504086.696689955,733895.236207996,3.11,0.926142476261752
"110",2022-02-01,225,60.9,21379,63240,13.5132606763647,53855,23.6,28.7,1.7,32.6,7.8,38,29.8,"33312",0,1,0,0,0,0,0,0,0,0,0,0,251816.741350828,324862.078455347,408329.154207809,515904.114479343,753986.535087386,3.55,1.05243463211563
"111",2022-03-01,236,60.9,21379,63240,13.5132606763647,53855,23.6,28.7,1.7,32.6,7.8,38,29.8,"33312",0,0,1,0,0,0,0,0,0,0,0,0,256251.491678406,331720.146933437,417770.480816922,529000.437252903,778190.424210221,3.89,1.10388699190795
"112",2022-04-01,246,60.9,21379,63240,13.5132606763647,53855,23.6,28.7,1.7,32.6,7.8,38,29.8,"33312",0,0,0,1,0,0,0,0,0,0,0,0,261223.740462055,339370.910045111,427879.861671634,543174.092596685,805468.343043031,4.67,1.15066186444642
"113",2022-05-01,261,60.9,21379,63240,13.5132606763647,53855,23.6,28.7,1.7,32.6,7.8,38,29.8,"33312",0,0,0,0,1,0,0,0,0,0,0,0,267422.875008981,347542.861085279,437902.653321806,557270.846696018,835069.392943062,5.1,1.22082417325413
"114",2022-06-01,270,60.9,21379,63240,13.5132606763647,53855,23.6,28.7,1.7,32.6,7.8,38,29.8,"33312",0,0,0,0,0,1,0,0,0,0,0,0,273800.325408201,355014.752401463,446985.630953084,569851.091992953,860613.142826739,5.1,1.26292155853875
"115",2022-07-01,315,60.9,21379,63240,13.5132606763647,53855,23.6,28.7,1.7,32.6,7.8,38,29.8,"33312",0,0,0,0,0,0,1,0,0,0,0,0,280320.505951738,361859.203917137,455338.835363143,581283.527992056,882662.516649455,5.7,1.47340848496188
"116",2022-08-01,337,60.9,21379,63240,13.5132606763647,53855,23.6,28.7,1.7,32.6,7.8,38,29.8,"33312",0,0,0,0,0,0,0,1,0,0,0,0,284584.671860831,366198.859921806,460670.68567121,588374.468348998,894086.314635078,5.3,1.57631320454652
"117",2022-09-01,348,60.9,21379,63240,13.5132606763647,53855,23.6,28.7,1.7,32.6,7.8,38,29.8,"33312",0,0,0,0,0,0,0,0,1,0,0,0,286333.523092526,368325.548962427,463030.747794902,591630.426106541,898065.837649666,5.66,1.62776556433884
"118",2022-10-01,362,60.9,21379,63240,13.5132606763647,53855,23.6,28.7,1.7,32.6,7.8,38,29.8,"33312",0,0,0,0,0,0,0,0,0,1,0,0,285931.574926088,368122.066564356,461863.33242693,589659.084147439,893463.368212463,6.7,1.6932503858927
"119",2022-11-01,350,60.9,21379,63240,13.5132606763647,53855,23.6,28.7,1.7,32.6,7.8,38,29.8,"33312",0,0,0,0,0,0,0,0,0,0,1,0,286299.754045507,368175.069840474,460765.36568218,587941.551928086,888476.609973664,7.08,1.63712053884653
"120",2022-12-01,333,60.9,21379,63240,13.5132606763647,53855,23.6,28.7,1.7,32.6,7.8,38,29.8,"33312",0,0,0,0,0,0,0,0,0,0,0,1,288403.397778387,369070.994237917,460655.214926215,587679.342957575,886289.541853628,6.49,1.55760325553113
"121",2021-10-01,19,43.1,25213,42177,13.6159917502876,63715,2.7,78.2,1.8,11.3,8.1,34.6,15.1,"33313",0,0,0,0,0,0,0,0,0,1,0,0,68408.0670156264,109673.940795811,306434.548719509,364477.718008533,384499.14059734,3.01,0.0753579502637528
"122",2021-11-01,19,43.1,25213,42177,13.6159917502876,63715,2.7,78.2,1.8,11.3,8.1,34.6,15.1,"33313",0,0,0,0,0,0,0,0,0,0,1,0,69271.8595354898,111029.239822075,308495.439042887,367413.646333742,388998.61668482,3.14,0.0753579502637528
"123",2021-12-01,22,43.1,25213,42177,13.6159917502876,63715,2.7,78.2,1.8,11.3,8.1,34.6,15.1,"33313",0,0,0,0,0,0,0,0,0,0,0,1,70315.9540088076,112785.04739022,311917.182698523,371505.311780643,393771.098951446,3.1,0.0872565739896085
"124",2022-01-01,23,43.1,25213,42177,13.6159917502876,63715,2.7,78.2,1.8,11.3,8.1,34.6,15.1,"33313",1,0,0,0,0,0,0,0,0,0,0,0,71681.0622844443,115081.836908612,316388.627958411,376702.935264011,398715.723357097,3.11,0.0912227818982271
"125",2022-02-01,24,43.1,25213,42177,13.6159917502876,63715,2.7,78.2,1.8,11.3,8.1,34.6,15.1,"33313",0,1,0,0,0,0,0,0,0,0,0,0,73347.5431755859,117800.786635515,323297.207130961,384333.749677099,405359.49013659,3.55,0.0951889898068457
"126",2022-03-01,24,43.1,25213,42177,13.6159917502876,63715,2.7,78.2,1.8,11.3,8.1,34.6,15.1,"33313",0,0,1,0,0,0,0,0,0,0,0,0,75128.420853409,120540.731058144,331544.20712437,392976.593446089,412920.492319914,3.89,0.0951889898068457
"127",2022-04-01,24,43.1,25213,42177,13.6159917502876,63715,2.7,78.2,1.8,11.3,8.1,34.6,15.1,"33313",0,0,0,1,0,0,0,0,0,0,0,0,76918.0640710991,123038.963451111,340498.760479413,401996.054379872,420756.796800384,4.67,0.0951889898068457
"128",2022-05-01,28,43.1,25213,42177,13.6159917502876,63715,2.7,78.2,1.8,11.3,8.1,34.6,15.1,"33313",0,0,0,0,1,0,0,0,0,0,0,0,78978.0508991421,125626.5707666,348406.220653106,409884.786393413,427731.596071382,5.1,0.11105382144132
"129",2022-06-01,30,43.1,25213,42177,13.6159917502876,63715,2.7,78.2,1.8,11.3,8.1,34.6,15.1,"33313",0,0,0,0,0,1,0,0,0,0,0,0,81142.2512626253,128100.908484505,354552.254351949,415975.825206375,433274.897506279,5.1,0.118986237258557
"130",2022-07-01,36,43.1,25213,42177,13.6159917502876,63715,2.7,78.2,1.8,11.3,8.1,34.6,15.1,"33313",0,0,0,0,0,0,1,0,0,0,0,0,83599.6267245989,131226.446407191,359964.875622282,421237.105716974,438657.226704685,5.7,0.142783484710268
"131",2022-08-01,35,43.1,25213,42177,13.6159917502876,63715,2.7,78.2,1.8,11.3,8.1,34.6,15.1,"33313",0,0,0,0,0,0,0,1,0,0,0,0,85817.1909222103,133914.751134451,364024.489418883,424898.661859753,442250.953080186,5.3,0.13881727680165
"132",2022-09-01,38,43.1,25213,42177,13.6159917502876,63715,2.7,78.2,1.8,11.3,8.1,34.6,15.1,"33313",0,0,0,0,0,0,0,0,1,0,0,0,87928.0198191376,136315.163254473,367083.217804042,427333.051608754,444371.132634323,5.66,0.150715900527506
"133",2022-10-01,36,43.1,25213,42177,13.6159917502876,63715,2.7,78.2,1.8,11.3,8.1,34.6,15.1,"33313",0,0,0,0,0,0,0,0,0,1,0,0,89858.9807110996,138010.028399095,368704.235419071,427885.514202264,444066.407543971,6.7,0.142783484710268
"134",2022-11-01,34,43.1,25213,42177,13.6159917502876,63715,2.7,78.2,1.8,11.3,8.1,34.6,15.1,"33313",0,0,0,0,0,0,0,0,0,0,1,0,91876.7292922245,139650.622600039,369823.439611584,427982.343830542,443365.082288545,7.08,0.134851068893031
"135",2022-12-01,31,43.1,25213,42177,13.6159917502876,63715,2.7,78.2,1.8,11.3,8.1,34.6,15.1,"33313",0,0,0,0,0,0,0,0,0,0,0,1,93932.4020770884,141488.907980226,370531.683597156,427934.422731188,442125.521934923,6.49,0.122952445167176
"136",2021-10-01,41,37.3,11483,55317,9.12653487764521,28730,3.1,13.3,5.7,51.5,3.7,32.5,30.3,"33314",0,0,0,0,0,0,0,0,0,1,0,0,122834.607577419,223274.560894099,355592.808308812,508287.851636707,784810.898602186,3.01,0.357049551510929
"137",2021-11-01,42,37.3,11483,55317,9.12653487764521,28730,3.1,13.3,5.7,51.5,3.7,32.5,30.3,"33314",0,0,0,0,0,0,0,0,0,0,1,0,124207.909814814,229083.097084388,361261.010605125,516833.056955779,802298.925435536,3.14,0.365758077157537
"138",2021-12-01,48,37.3,11483,55317,9.12653487764521,28730,3.1,13.3,5.7,51.5,3.7,32.5,30.3,"33314",0,0,0,0,0,0,0,0,0,0,0,1,126015.959092516,234425.58205557,367518.825070631,526114.275023807,820572.054875361,3.1,0.418009231037185
"139",2022-01-01,54,37.3,11483,55317,9.12653487764521,28730,3.1,13.3,5.7,51.5,3.7,32.5,30.3,"33314",1,0,0,0,0,0,0,0,0,0,0,0,128214.152460785,239432.190544173,373995.352598616,536155.498221305,838907.55371743,3.11,0.470260384916834
"140",2022-02-01,58,37.3,11483,55317,9.12653487764521,28730,3.1,13.3,5.7,51.5,3.7,32.5,30.3,"33314",0,1,0,0,0,0,0,0,0,0,0,0,130844.191770135,244657.640654738,380616.772494829,547508.640527441,859232.172267931,3.55,0.505094487503266
"141",2022-03-01,66,37.3,11483,55317,9.12653487764521,28730,3.1,13.3,5.7,51.5,3.7,32.5,30.3,"33314",0,0,1,0,0,0,0,0,0,0,0,0,133641.289578195,250020.093136853,386349.034764971,558951.1478586,880222.668660452,3.89,0.57476269267613
"142",2022-04-01,67,37.3,11483,55317,9.12653487764521,28730,3.1,13.3,5.7,51.5,3.7,32.5,30.3,"33314",0,0,0,1,0,0,0,0,0,0,0,0,136546.246454909,255157.22977142,391256.311136393,570502.640585217,902336.730942412,4.67,0.583471218322738
"143",2022-05-01,72,37.3,11483,55317,9.12653487764521,28730,3.1,13.3,5.7,51.5,3.7,32.5,30.3,"33314",0,0,0,0,1,0,0,0,0,0,0,0,139421.811265899,260015.112749338,395895.7775835,581365.215060405,923918.682529151,5.1,0.627013846555778
"144",2022-06-01,72,37.3,11483,55317,9.12653487764521,28730,3.1,13.3,5.7,51.5,3.7,32.5,30.3,"33314",0,0,0,0,0,1,0,0,0,0,0,0,141537.585882137,263923.476829613,399864.605171425,590790.645256082,942720.593343783,5.1,0.627013846555778
"145",2022-07-01,88,37.3,11483,55317,9.12653487764521,28730,3.1,13.3,5.7,51.5,3.7,32.5,30.3,"33314",0,0,0,0,0,0,1,0,0,0,0,0,143672.519156085,267799.140487885,403528.170977209,598568.42093865,957439.136927191,5.7,0.766350256901507
"146",2022-08-01,96,37.3,11483,55317,9.12653487764521,28730,3.1,13.3,5.7,51.5,3.7,32.5,30.3,"33314",0,0,0,0,0,0,0,1,0,0,0,0,145643.047874127,270625.35056714,405517.489032105,603416.678008598,966650.253978057,5.3,0.836018462074371
"147",2022-09-01,100,37.3,11483,55317,9.12653487764521,28730,3.1,13.3,5.7,51.5,3.7,32.5,30.3,"33314",0,0,0,0,0,0,0,0,1,0,0,0,147482.323526516,272707.998468979,406132.522277923,605201.853061127,970215.411417061,5.66,0.870852564660803
"148",2022-10-01,104,37.3,11483,55317,9.12653487764521,28730,3.1,13.3,5.7,51.5,3.7,32.5,30.3,"33314",0,0,0,0,0,0,0,0,0,1,0,0,148545.493480739,274109.192482243,405473.732699775,603747.445716845,967525.507085502,6.7,0.905686667247235
"149",2022-11-01,108,37.3,11483,55317,9.12653487764521,28730,3.1,13.3,5.7,51.5,3.7,32.5,30.3,"33314",0,0,0,0,0,0,0,0,0,0,1,0,149216.029273998,275760.321371066,405345.615551117,602404.992069002,962558.667892469,7.08,0.940520769833667
"150",2022-12-01,106,37.3,11483,55317,9.12653487764521,28730,3.1,13.3,5.7,51.5,3.7,32.5,30.3,"33314",0,0,0,0,0,0,0,0,0,0,0,1,150216.581578317,278009.287931898,406026.658893003,602094.088847262,959458.053222689,6.49,0.923103718540451
"151",2021-10-01,135,59.5,6991,81501,15.6772993849235,13178,56.4,4.8,0.8,28.5,2.6,40.6,35.3,"33315",0,0,0,0,0,0,0,0,0,1,0,0,166149.654114043,340152.414123075,474898.575423354,638789.272771145,NA,3.01,1.931054212559
"152",2021-11-01,145,59.5,6991,81501,15.6772993849235,13178,56.4,4.8,0.8,28.5,2.6,40.6,35.3,"33315",0,0,0,0,0,0,0,0,0,0,1,0,165958.10509379,341553.70566029,480267.609025096,650052.827762161,NA,3.14,2.07409526534115
"153",2021-12-01,145,59.5,6991,81501,15.6772993849235,13178,56.4,4.8,0.8,28.5,2.6,40.6,35.3,"33315",0,0,0,0,0,0,0,0,0,0,0,1,166957.595705234,344504.256070658,487005.245206038,662923.386451229,NA,3.1,2.07409526534115
"154",2022-01-01,152,59.5,6991,81501,15.6772993849235,13178,56.4,4.8,0.8,28.5,2.6,40.6,35.3,"33315",1,0,0,0,0,0,0,0,0,0,0,0,168751.923249392,348999.64741167,495341.10268748,676840.287590686,NA,3.11,2.17422400228866
"155",2022-02-01,159,59.5,6991,81501,15.6772993849235,13178,56.4,4.8,0.8,28.5,2.6,40.6,35.3,"33315",0,1,0,0,0,0,0,0,0,0,0,0,172438.8966215,355836.186130283,506684.338970056,694267.261127036,NA,3.55,2.27435273923616
"156",2022-03-01,174,59.5,6991,81501,15.6772993849235,13178,56.4,4.8,0.8,28.5,2.6,40.6,35.3,"33315",0,0,1,0,0,0,0,0,0,0,0,0,177197.775959388,363576.779758763,518877.995401973,713564.717725473,NA,3.89,2.48891431840938
"157",2022-04-01,182,59.5,6991,81501,15.6772993849235,13178,56.4,4.8,0.8,28.5,2.6,40.6,35.3,"33315",0,0,0,1,0,0,0,0,0,0,0,0,182833.527349515,372397.207901786,532154.241163275,734550.06082939,NA,4.67,2.6033471606351
"158",2022-05-01,191,59.5,6991,81501,15.6772993849235,13178,56.4,4.8,0.8,28.5,2.6,40.6,35.3,"33315",0,0,0,0,1,0,0,0,0,0,0,0,188095.966884523,381207.243520488,545397.949526462,756793.18810468,NA,5.1,2.73208410813904
"159",2022-06-01,198,59.5,6991,81501,15.6772993849235,13178,56.4,4.8,0.8,28.5,2.6,40.6,35.3,"33315",0,0,0,0,0,1,0,0,0,0,0,0,192368.771291645,389386.737667338,558261.572615567,778593.024168842,NA,5.1,2.83221284508654
"160",2022-07-01,220,59.5,6991,81501,15.6772993849235,13178,56.4,4.8,0.8,28.5,2.6,40.6,35.3,"33315",0,0,0,0,0,0,1,0,0,0,0,0,196476.030729418,396786.33239814,570237.570135601,799603.618233178,NA,5.7,3.14690316120727
"161",2022-08-01,233,59.5,6991,81501,15.6772993849235,13178,56.4,4.8,0.8,28.5,2.6,40.6,35.3,"33315",0,0,0,0,0,0,0,1,0,0,0,0,200161.020713963,402195.061770995,578695.888763194,813082.310443065,NA,5.3,3.33285652982406
"162",2022-09-01,237,59.5,6991,81501,15.6772993849235,13178,56.4,4.8,0.8,28.5,2.6,40.6,35.3,"33315",0,0,0,0,0,0,0,0,1,0,0,0,203650.598641403,405692.115640819,583213.06353277,818908.269458135,NA,5.66,3.39007295093692
"163",2022-10-01,245,59.5,6991,81501,15.6772993849235,13178,56.4,4.8,0.8,28.5,2.6,40.6,35.3,"33315",0,0,0,0,0,0,0,0,0,1,0,0,206686.891408339,407137.431949462,582912.838606355,816136.221047339,NA,6.7,3.50450579316264
"164",2022-11-01,241,59.5,6991,81501,15.6772993849235,13178,56.4,4.8,0.8,28.5,2.6,40.6,35.3,"33315",0,0,0,0,0,0,0,0,0,0,1,0,209826.155661433,408516.361426533,582738.918343715,813839.473474449,NA,7.08,3.44728937204978
"165",2022-12-01,230,59.5,6991,81501,15.6772993849235,13178,56.4,4.8,0.8,28.5,2.6,40.6,35.3,"33315",0,0,0,0,0,0,0,0,0,0,0,1,213331.455771146,410673.606281699,583863.375463059,814684.008822377,NA,6.49,3.28994421398942
"166",2021-10-01,141,57.1,8498,82973,34.666980465992,11194,63.2,7.5,4.7,15.3,3.6,50.8,56,"33316",0,0,0,0,0,0,0,0,0,1,0,0,200310.546324188,524752.000187862,1041815.91372247,1977722.60094167,3850007.64699969,3.01,1.65921393269004
"167",2021-11-01,149,57.1,8498,82973,34.666980465992,11194,63.2,7.5,4.7,15.3,3.6,50.8,56,"33316",0,0,0,0,0,0,0,0,0,0,1,0,204996.351652798,532842.351730468,1062651.78484581,2017854.63492872,3947303.86315182,3.14,1.75335373028948
"168",2021-12-01,150,57.1,8498,82973,34.666980465992,11194,63.2,7.5,4.7,15.3,3.6,50.8,56,"33316",0,0,0,0,0,0,0,0,0,0,0,1,209580.577467144,542123.310435911,1087449.26587455,2073618.17165341,4060435.94697243,3.1,1.76512120498941
"169",2022-01-01,177,57.1,8498,82973,34.666980465992,11194,63.2,7.5,4.7,15.3,3.6,50.8,56,"33316",1,0,0,0,0,0,0,0,0,0,0,0,214020.293953165,552073.388913027,1115809.94592092,2138155.2865534,4180863.75674504,3.11,2.0828430218875
"170",2022-02-01,188,57.1,8498,82973,34.666980465992,11194,63.2,7.5,4.7,15.3,3.6,50.8,56,"33316",0,1,0,0,0,0,0,0,0,0,0,0,219190.771458762,563349.88840314,1152070.77694495,2219915.06127653,4324608.40901399,3.55,2.21228524358673
"171",2022-03-01,199,57.1,8498,82973,34.666980465992,11194,63.2,7.5,4.7,15.3,3.6,50.8,56,"33316",0,0,1,0,0,0,0,0,0,0,0,0,224510.984861672,574788.611661555,1193534.98178578,2310705.53330464,4486974.20198304,3.89,2.34172746528595
"172",2022-04-01,212,57.1,8498,82973,34.666980465992,11194,63.2,7.5,4.7,15.3,3.6,50.8,56,"33316",0,0,0,1,0,0,0,0,0,0,0,0,230097.867009502,588295.135255614,1239450.73454607,2411701.74159837,4669168.63097302,4.67,2.49470463638503
"173",2022-05-01,223,57.1,8498,82973,34.666980465992,11194,63.2,7.5,4.7,15.3,3.6,50.8,56,"33316",0,0,0,0,1,0,0,0,0,0,0,0,235606.416331416,603035.159757426,1286021.38623436,2510472.75166765,4865404.56215732,5.1,2.62414685808426
"174",2022-06-01,230,57.1,8498,82973,34.666980465992,11194,63.2,7.5,4.7,15.3,3.6,50.8,56,"33316",0,0,0,0,0,1,0,0,0,0,0,0,240564.747229745,617389.333496185,1325544.89298005,2596037.60053927,5028568.88561861,5.1,2.70651918098376
"175",2022-07-01,253,57.1,8498,82973,34.666980465992,11194,63.2,7.5,4.7,15.3,3.6,50.8,56,"33316",0,0,0,0,0,0,1,0,0,0,0,0,245472.42448412,630514.33054798,1361043.61259739,2667428.43943566,5176166.29104523,5.7,2.97717109908214
"176",2022-08-01,255,57.1,8498,82973,34.666980465992,11194,63.2,7.5,4.7,15.3,3.6,50.8,56,"33316",0,0,0,0,0,0,0,1,0,0,0,0,248762.511293705,638270.001642331,1378798.53342157,2700246.31502445,5248375.35690866,5.3,3.000706048482
"177",2022-09-01,256,57.1,8498,82973,34.666980465992,11194,63.2,7.5,4.7,15.3,3.6,50.8,56,"33316",0,0,0,0,0,0,0,0,1,0,0,0,250930.391581333,641457.579783815,1382780.06736586,2698487.51055835,5285345.07209683,5.66,3.01247352318193
"178",2022-10-01,253,57.1,8498,82973,34.666980465992,11194,63.2,7.5,4.7,15.3,3.6,50.8,56,"33316",0,0,0,0,0,0,0,0,0,1,0,0,251994.409602271,640003.688370341,1368766.82282866,2658902.17207537,5252755.82145187,6.7,2.97717109908214
"179",2022-11-01,247,57.1,8498,82973,34.666980465992,11194,63.2,7.5,4.7,15.3,3.6,50.8,56,"33316",0,0,0,0,0,0,0,0,0,0,1,0,253568.275368893,639569.568650577,1355834.04311062,2617699.04171248,5219937.24933976,7.08,2.90656625088256
"180",2022-12-01,239,57.1,8498,82973,34.666980465992,11194,63.2,7.5,4.7,15.3,3.6,50.8,56,"33316",0,0,0,0,0,0,0,0,0,0,0,1,255855.359913176,639779.443342811,1348274.72091571,2583982.04191461,5181644.21599989,6.49,2.81242645328313
"181",2021-10-01,30,75.4,13550,75767,5.81549815498155,37161,19,23.1,3.7,33.5,6.9,42.3,34.6,"33317",0,0,0,0,0,0,0,0,0,1,0,0,127460.026350885,181678.875677909,436339.257570226,584219.904017174,710030.494797629,3.01,0.22140221402214
"182",2021-11-01,29,75.4,13550,75767,5.81549815498155,37161,19,23.1,3.7,33.5,6.9,42.3,34.6,"33317",0,0,0,0,0,0,0,0,0,0,1,0,128584.917998974,184293.152704854,438779.725274467,590047.770259519,718908.81672631,3.14,0.214022140221402
"183",2021-12-01,29,75.4,13550,75767,5.81549815498155,37161,19,23.1,3.7,33.5,6.9,42.3,34.6,"33317",0,0,0,0,0,0,0,0,0,0,0,1,130134.253419243,186824.832384898,442663.871414424,596948.108803018,728623.145705719,3.1,0.214022140221402
"184",2022-01-01,30,75.4,13550,75767,5.81549815498155,37161,19,23.1,3.7,33.5,6.9,42.3,34.6,"33317",1,0,0,0,0,0,0,0,0,0,0,0,132138.860307644,189637.269554013,448365.775015511,605499.962083218,739903.676650027,3.11,0.22140221402214
"185",2022-02-01,31,75.4,13550,75767,5.81549815498155,37161,19,23.1,3.7,33.5,6.9,42.3,34.6,"33317",0,1,0,0,0,0,0,0,0,0,0,0,134955.696682254,193103.660476469,457075.77592904,619210.098664159,757489.053170528,3.55,0.228782287822878
"186",2022-03-01,36,75.4,13550,75767,5.81549815498155,37161,19,23.1,3.7,33.5,6.9,42.3,34.6,"33317",0,0,1,0,0,0,0,0,0,0,0,0,137786.323493836,196909.990349859,466894.556990015,635102.565843394,777278.81181533,3.89,0.265682656826568
"187",2022-04-01,41,75.4,13550,75767,5.81549815498155,37161,19,23.1,3.7,33.5,6.9,42.3,34.6,"33317",0,0,0,1,0,0,0,0,0,0,0,0,140666.719103212,201044.787039998,477027.002677352,652078.427983214,797954.885342728,4.67,0.302583025830258
"188",2022-05-01,46,75.4,13550,75767,5.81549815498155,37161,19,23.1,3.7,33.5,6.9,42.3,34.6,"33317",0,0,0,0,1,0,0,0,0,0,0,0,143313.110318202,205479.123553137,485990.038162173,666420.375767786,815950.174345918,5.1,0.339483394833948
"189",2022-06-01,52,75.4,13550,75767,5.81549815498155,37161,19,23.1,3.7,33.5,6.9,42.3,34.6,"33317",0,0,0,0,0,1,0,0,0,0,0,0,145734.692643798,209844.421954603,493425.77996236,679106.971430615,832620.583699439,5.1,0.383763837638376
"190",2022-07-01,57,75.4,13550,75767,5.81549815498155,37161,19,23.1,3.7,33.5,6.9,42.3,34.6,"33317",0,0,0,0,0,0,1,0,0,0,0,0,148039.472088234,214612.123333033,499899.027394948,690276.847052284,847964.77216269,5.7,0.420664206642066
"191",2022-08-01,55,75.4,13550,75767,5.81549815498155,37161,19,23.1,3.7,33.5,6.9,42.3,34.6,"33317",0,0,0,0,0,0,0,1,0,0,0,0,149870.174773099,218403.716106917,504237.820264071,698604.684626751,858388.795216098,5.3,0.40590405904059
"192",2022-09-01,53,75.4,13550,75767,5.81549815498155,37161,19,23.1,3.7,33.5,6.9,42.3,34.6,"33317",0,0,0,0,0,0,0,0,1,0,0,0,151104.682715986,221186.999031365,506096.732389851,702677.160927912,862604.861072587,5.66,0.391143911439114
"193",2022-10-01,51,75.4,13550,75767,5.81549815498155,37161,19,23.1,3.7,33.5,6.9,42.3,34.6,"33317",0,0,0,0,0,0,0,0,0,1,0,0,151646.857253264,222589.944956576,505068.555304835,701794.027381353,860026.595531508,6.7,0.376383763837638
"194",2022-11-01,51,75.4,13550,75767,5.81549815498155,37161,19,23.1,3.7,33.5,6.9,42.3,34.6,"33317",0,0,0,0,0,0,0,0,0,0,1,0,152290.455901539,224016.370027473,503940.371693541,700629.278578541,857540.824723606,7.08,0.376383763837638
"195",2022-12-01,53,75.4,13550,75767,5.81549815498155,37161,19,23.1,3.7,33.5,6.9,42.3,34.6,"33317",0,0,0,0,0,0,0,0,0,0,0,1,153737.801116912,225791.529860934,503645.624245583,699841.431793266,855669.59405941,6.49,0.391143911439114
"196",2021-10-01,13,64.7,25170,49770,17.6281287246722,50703,8.8,60.4,3.9,16.5,5.1,43.4,25.8,"33319",0,0,0,0,0,0,0,0,0,1,0,0,78388.9379712224,125828.268878774,314617.514725657,459377.655519874,583632.454563437,3.01,0.0516487882399682
"197",2021-11-01,13,64.7,25170,49770,17.6281287246722,50703,8.8,60.4,3.9,16.5,5.1,43.4,25.8,"33319",0,0,0,0,0,0,0,0,0,0,1,0,79430.17807831,127760.847071457,317962.712288349,464955.121671088,593607.370425073,3.14,0.0516487882399682
"198",2021-12-01,14,64.7,25170,49770,17.6281287246722,50703,8.8,60.4,3.9,16.5,5.1,43.4,25.8,"33319",0,0,0,0,0,0,0,0,0,0,0,1,80817.756214237,129996.3290342,322311.908988014,471504.317986219,604098.250531501,3.1,0.055621771950735
"199",2022-01-01,15,64.7,25170,49770,17.6281287246722,50703,8.8,60.4,3.9,16.5,5.1,43.4,25.8,"33319",1,0,0,0,0,0,0,0,0,0,0,0,82551.2749057365,132606.604042807,327370.397268215,478994.987827988,614743.006470743,3.11,0.0595947556615018
"200",2022-02-01,17,64.7,25170,49770,17.6281287246722,50703,8.8,60.4,3.9,16.5,5.1,43.4,25.8,"33319",0,1,0,0,0,0,0,0,0,0,0,0,84847.7553891267,135681.789853087,333215.024821631,488404.471035465,627100.685580527,3.55,0.0675407230830354
"201",2022-03-01,17,64.7,25170,49770,17.6281287246722,50703,8.8,60.4,3.9,16.5,5.1,43.4,25.8,"33319",0,0,1,0,0,0,0,0,0,0,0,0,87409.9402394738,138866.241710999,339616.811524218,498812.987483933,640410.074599852,3.89,0.0675407230830354
"202",2022-04-01,17,64.7,25170,49770,17.6281287246722,50703,8.8,60.4,3.9,16.5,5.1,43.4,25.8,"33319",0,0,0,1,0,0,0,0,0,0,0,0,89937.4135839037,142041.578197674,346286.314589363,510112.583759607,655086.372415048,4.67,0.0675407230830354
"203",2022-05-01,18,64.7,25170,49770,17.6281287246722,50703,8.8,60.4,3.9,16.5,5.1,43.4,25.8,"33319",0,0,0,0,1,0,0,0,0,0,0,0,92420.6780080891,145353.236130332,353094.880997223,520665.646148132,669689.648854982,5.1,0.0715137067938021
"204",2022-06-01,22,64.7,25170,49770,17.6281287246722,50703,8.8,60.4,3.9,16.5,5.1,43.4,25.8,"33319",0,0,0,0,0,1,0,0,0,0,0,0,94547.9919142948,148322.119746099,358784.314121229,530309.597214168,683934.198529672,5.1,0.0874056416368693
"205",2022-07-01,28,64.7,25170,49770,17.6281287246722,50703,8.8,60.4,3.9,16.5,5.1,43.4,25.8,"33319",0,0,0,0,0,0,1,0,0,0,0,0,96799.912826945,151828.483910377,364179.444644439,538996.423699309,696685.33908675,5.7,0.11124354390147
"206",2022-08-01,28,64.7,25170,49770,17.6281287246722,50703,8.8,60.4,3.9,16.5,5.1,43.4,25.8,"33319",0,0,0,0,0,0,0,1,0,0,0,0,98279.2608586579,154601.571675377,367889.098880589,544771.738887337,704350.56614199,5.3,0.11124354390147
"207",2022-09-01,29,64.7,25170,49770,17.6281287246722,50703,8.8,60.4,3.9,16.5,5.1,43.4,25.8,"33319",0,0,0,0,0,0,0,0,1,0,0,0,99517.7815938392,157096.90920381,369944.479354402,547587.58878021,707291.509660099,5.66,0.115216527612237
"208",2022-10-01,29,64.7,25170,49770,17.6281287246722,50703,8.8,60.4,3.9,16.5,5.1,43.4,25.8,"33319",0,0,0,0,0,0,0,0,0,1,0,0,100523.913770331,158905.085439138,370139.816313806,547261.629104211,705824.478113565,6.7,0.115216527612237
"209",2022-11-01,25,64.7,25170,49770,17.6281287246722,50703,8.8,60.4,3.9,16.5,5.1,43.4,25.8,"33319",0,0,0,0,0,0,0,0,0,0,1,0,102125.071250888,161040.70882569,370072.330477902,546675.527096971,704365.238549105,7.08,0.0993245927691696
"210",2022-12-01,23,64.7,25170,49770,17.6281287246722,50703,8.8,60.4,3.9,16.5,5.1,43.4,25.8,"33319",0,0,0,0,0,0,0,0,0,0,0,1,104026.987243594,163388.686311106,370590.16073308,546192.331169703,702843.444673329,6.49,0.0913786253476361
"211",2021-10-01,162,57.7,14033,61013,9.28525618185705,29497,35.2,16.3,2.2,29.6,6.6,42.5,35.1,"33334",0,0,0,0,0,0,0,0,0,1,0,0,117836.911634189,289341.527516946,458124.446320902,565848.969743392,NA,3.01,1.15442172023088
"212",2021-11-01,181,57.7,14033,61013,9.28525618185705,29497,35.2,16.3,2.2,29.6,6.6,42.5,35.1,"33334",0,0,0,0,0,0,0,0,0,0,1,0,120591.2909488,291936.067174402,462904.501720086,572777.729696015,NA,3.14,1.28981686025796
"213",2021-12-01,188,57.7,14033,61013,9.28525618185705,29497,35.2,16.3,2.2,29.6,6.6,42.5,35.1,"33334",0,0,0,0,0,0,0,0,0,0,0,1,123578.46675885,296114.719085093,469606.565044014,581615.998905681,NA,3.1,1.33969928026794
"214",2022-01-01,208,57.7,14033,61013,9.28525618185705,29497,35.2,16.3,2.2,29.6,6.6,42.5,35.1,"33334",1,0,0,0,0,0,0,0,0,0,0,0,126614.947927939,300885.690522111,478185.990844201,593292.60409954,NA,3.11,1.48222048029644
"215",2022-02-01,221,57.7,14033,61013,9.28525618185705,29497,35.2,16.3,2.2,29.6,6.6,42.5,35.1,"33334",0,1,0,0,0,0,0,0,0,0,0,0,130226.752380423,306656.713985353,490425.826373267,611095.669219023,NA,3.55,1.57485926031497
"216",2022-03-01,235,57.7,14033,61013,9.28525618185705,29497,35.2,16.3,2.2,29.6,6.6,42.5,35.1,"33334",0,0,1,0,0,0,0,0,0,0,0,0,134010.510752302,312483.625228039,503817.122478899,630903.328715284,NA,3.89,1.67462410033492
"217",2022-04-01,250,57.7,14033,61013,9.28525618185705,29497,35.2,16.3,2.2,29.6,6.6,42.5,35.1,"33334",0,0,0,1,0,0,0,0,0,0,0,0,138236.597509538,319176.738952045,518571.307070267,653289.9675789,NA,4.67,1.7815150003563
"218",2022-05-01,278,57.7,14033,61013,9.28525618185705,29497,35.2,16.3,2.2,29.6,6.6,42.5,35.1,"33334",0,0,0,0,1,0,0,0,0,0,0,0,142439.694184119,325631.879909934,531897.355224404,674020.859021105,NA,5.1,1.98104468039621
"219",2022-06-01,283,57.7,14033,61013,9.28525618185705,29497,35.2,16.3,2.2,29.6,6.6,42.5,35.1,"33334",0,0,0,0,0,1,0,0,0,0,0,0,146574.374988931,331647.437053676,543946.493365228,693415.946988537,NA,5.1,2.01667498040334
"220",2022-07-01,308,57.7,14033,61013,9.28525618185705,29497,35.2,16.3,2.2,29.6,6.6,42.5,35.1,"33334",0,0,0,0,0,0,1,0,0,0,0,0,150905.04313207,337395.064642597,555205.38102536,711057.832511923,NA,5.7,2.19482648043897
"221",2022-08-01,312,57.7,14033,61013,9.28525618185705,29497,35.2,16.3,2.2,29.6,6.6,42.5,35.1,"33334",0,0,0,0,0,0,0,1,0,0,0,0,154467.393023244,342001.39258404,563366.223567833,723277.942292516,NA,5.3,2.22333072044467
"222",2022-09-01,326,57.7,14033,61013,9.28525618185705,29497,35.2,16.3,2.2,29.6,6.6,42.5,35.1,"33334",0,0,0,0,0,0,0,0,1,0,0,0,157034.590407463,344689.278903231,567545.101691575,728497.735882553,NA,5.66,2.32309556046462
"223",2022-10-01,339,57.7,14033,61013,9.28525618185705,29497,35.2,16.3,2.2,29.6,6.6,42.5,35.1,"33334",0,0,0,0,0,0,0,0,0,1,0,0,158298.72580247,345627.942600706,566945.057559656,725547.022281002,NA,6.7,2.41573434048315
"224",2022-11-01,356,57.7,14033,61013,9.28525618185705,29497,35.2,16.3,2.2,29.6,6.6,42.5,35.1,"33334",0,0,0,0,0,0,0,0,0,0,1,0,159491.512693337,346213.972711719,566260.315022924,721996.503726002,NA,7.08,2.53687736050738
"225",2022-12-01,352,57.7,14033,61013,9.28525618185705,29497,35.2,16.3,2.2,29.6,6.6,42.5,35.1,"33334",0,0,0,0,0,0,0,0,0,0,0,1,161123.376782433,347510.222840551,566920.971616189,720715.692777518,NA,6.49,2.50837312050167
